"28","いいね","1","151","2020-01-20 11:55:34","2020-01-20 11:55:34","1"
"29","d","2","151","2020-01-20 12:06:50","2020-01-20 12:06:50","1"
"30","d","3","151","2020-01-20 12:06:57","2020-01-20 12:06:57","1"
"31","いいね","2","152","2020-01-24 08:24:27","2020-01-24 08:24:27","1"
"32","いいですね","3","152","2020-01-24 08:24:41","2020-01-24 08:24:41","1"
"34","ddd","2","160","2020-01-24 08:43:57","2020-01-24 08:43:57","1"
"35","美味しそう","5","207","2020-01-25 08:30:56","2020-01-25 08:30:56","1"
"36","すごい","3","154","2020-01-25 08:33:08","2020-01-25 08:33:08","1"
"37","一番美味しい","5","155","2020-01-25 08:34:08","2020-01-25 08:34:08","1"
"38","いいですね１","9","151","2020-01-27 11:00:31","2020-01-27 11:00:31","1"
"39","a","2","151","2020-01-27 11:22:54","2020-01-27 11:22:54","1"
"40","s","2","151","2020-01-27 11:22:58","2020-01-27 11:22:58","1"
"41","vvvvvvvvvvvvvvvvvvvvvっっっっっっっっっっっっっっっっっっっっっっっっっっっっっっっｖ","2","151","2020-01-27 11:23:10","2020-01-27 11:23:10","1"
"42","あああああああああああああああああああああああああああああああああああああああああああああああああああああああああああああああああああああああああああああああああああああああああああああああああああああああああああああああああああああああああああああああああああああああああ","2","151","2020-01-27 11:23:29","2020-01-27 11:23:29","1"
"43","ああああああ",NULL,"151","2020-01-27 11:23:36","2020-01-27 11:23:36","1"
